"start time","request type","latency","response code"
"1701937098401","POST","429","io.swagger.client.ApiResponse@37686753"
"1701937098401","POST","429","io.swagger.client.ApiResponse@2648c609"
"1701937098401","POST","429","io.swagger.client.ApiResponse@7e4e6b1"
"1701937098406","POST","424","io.swagger.client.ApiResponse@3abc1624"
"1701937098407","POST","423","io.swagger.client.ApiResponse@a4c2964"
"1701937098401","POST","429","io.swagger.client.ApiResponse@3c867c36"
"1701937098403","POST","428","io.swagger.client.ApiResponse@3b8ebb2b"
"1701937098405","POST","426","io.swagger.client.ApiResponse@6cf61624"
"1701937098401","POST","456","io.swagger.client.ApiResponse@b2f611e"
"1701937098402","POST","539","io.swagger.client.ApiResponse@48d56dbf"
"1701937098941","POST","95","io.swagger.client.ApiResponse@589f9c98"
"1701937098935","POST","106","io.swagger.client.ApiResponse@34c3cc92"
"1701937098936","POST","105","io.swagger.client.ApiResponse@1e3cd8df"
"1701937098962","POST","86","io.swagger.client.ApiResponse@6afe44e6"
"1701937098961","POST","124","io.swagger.client.ApiResponse@17f24cda"
"1701937099009","POST","80","io.swagger.client.ApiResponse@7da93cfe"
"1701937098997","POST","93","io.swagger.client.ApiResponse@3ed71b20"
"1701937098998","POST","93","io.swagger.client.ApiResponse@da55d6f"
"1701937099043","POST","82","io.swagger.client.ApiResponse@2dc124cc"
"1701937099033","POST","97","io.swagger.client.ApiResponse@7c0eeb1b"
"1701937099085","POST","96","io.swagger.client.ApiResponse@52b0696c"
"1701937099125","POST","61","io.swagger.client.ApiResponse@65beeb30"
"1701937099111","POST","82","io.swagger.client.ApiResponse@2f4da89d"
"1701937099126","POST","90","io.swagger.client.ApiResponse@3f27bb5d"
"1701937099127","POST","91","io.swagger.client.ApiResponse@dbf118f"
"1701937099126","POST","93","io.swagger.client.ApiResponse@1a719ede"
"1701937099172","POST","73","io.swagger.client.ApiResponse@33a6c1ca"
"1701937099216","POST","43","io.swagger.client.ApiResponse@5b5f5d82"
"1701937099170","POST","89","io.swagger.client.ApiResponse@208a3416"
"1701937099170","POST","90","io.swagger.client.ApiResponse@13d15fd9"
"1701937099209","POST","78","io.swagger.client.ApiResponse@615e8b5"
"1701937099216","POST","79","io.swagger.client.ApiResponse@5fa85897"
"1701937099224","POST","72","io.swagger.client.ApiResponse@641a0fef"
"1701937099255","POST","83","io.swagger.client.ApiResponse@6ab7c471"
"1701937099254","POST","86","io.swagger.client.ApiResponse@28fd3530"
"1701937099294","POST","72","io.swagger.client.ApiResponse@3a4fddb9"
"1701937099290","POST","76","io.swagger.client.ApiResponse@49c7a417"
"1701937099287","POST","82","io.swagger.client.ApiResponse@61a4a434"
"1701937099297","POST","77","io.swagger.client.ApiResponse@493f070c"
"1701937099296","POST","92","io.swagger.client.ApiResponse@33eb4a5d"
"1701937099338","POST","51","io.swagger.client.ApiResponse@2ac27008"
"1701937099319","POST","83","io.swagger.client.ApiResponse@10f37fc"
"1701937099339","POST","96","io.swagger.client.ApiResponse@5821057b"
"1701937099379","POST","95","io.swagger.client.ApiResponse@3e03e98b"
"1701937099397","POST","77","io.swagger.client.ApiResponse@7b6a15cc"
"1701937099435","POST","43","io.swagger.client.ApiResponse@5c11b126"
"1701937099405","POST","76","io.swagger.client.ApiResponse@4a6a6b2"
"1701937099419","POST","73","io.swagger.client.ApiResponse@30b9ec6f"
"1701937099413","POST","79","io.swagger.client.ApiResponse@6da517a5"
"1701937099414","POST","78","io.swagger.client.ApiResponse@2a9a6c4e"
"1701937099414","POST","78","io.swagger.client.ApiResponse@4c953887"
"1701937099426","POST","105","io.swagger.client.ApiResponse@4a22a0bd"
"1701937099496","POST","90","io.swagger.client.ApiResponse@3606ee70"
"1701937099515","POST","77","io.swagger.client.ApiResponse@52d3eab1"
"1701937099516","POST","76","io.swagger.client.ApiResponse@5a7ea773"
"1701937099521","POST","79","io.swagger.client.ApiResponse@11cfe108"
"1701937099516","POST","84","io.swagger.client.ApiResponse@4212334e"
"1701937099531","POST","89","io.swagger.client.ApiResponse@3dd15337"
"1701937099531","POST","89","io.swagger.client.ApiResponse@2c6be2a7"
"1701937099536","POST","97","io.swagger.client.ApiResponse@28732de5"
"1701937099538","POST","118","io.swagger.client.ApiResponse@6cb2e894"
"1701937099567","POST","91","io.swagger.client.ApiResponse@74337c6e"
"1701937099631","POST","64","io.swagger.client.ApiResponse@4bbef5ef"
"1701937099630","POST","79","io.swagger.client.ApiResponse@6eb9f711"
"1701937099658","POST","82","io.swagger.client.ApiResponse@11936123"
"1701937099657","POST","87","io.swagger.client.ApiResponse@749a6b07"
"1701937099658","POST","94","io.swagger.client.ApiResponse@40290db5""1701937099655","POST","97","io.swagger.client.ApiResponse@2e0132a1"

"1701937099633","POST","119","io.swagger.client.ApiResponse@3b14f471"
"1701937099693","POST","75","io.swagger.client.ApiResponse@40d94364"
"1701937099696","POST","86","io.swagger.client.ApiResponse@6f3dadd4"
"1701937099695","POST","92","io.swagger.client.ApiResponse@6567ced8"
"1701937099744","POST","89","io.swagger.client.ApiResponse@57c3e6b"
"1701937099740","POST","93","io.swagger.client.ApiResponse@255af0ec"
"1701937099789","POST","81","io.swagger.client.ApiResponse@8c10e48"
"1701937099806","POST","72","io.swagger.client.ApiResponse@42339730"
"1701937099778","POST","111","io.swagger.client.ApiResponse@536858c"
"1701937099778","POST","111","io.swagger.client.ApiResponse@7821d87c""1701937099789","POST","100","io.swagger.client.ApiResponse@7c3e97"

"1701937099789","POST","100","io.swagger.client.ApiResponse@127a6050"
"1701937099825","POST","73","io.swagger.client.ApiResponse@3d92c390"
"1701937099831","POST","86","io.swagger.client.ApiResponse@7a21b05"
"1701937099870","POST","105","io.swagger.client.ApiResponse@73f9eb3e"
"1701937099876","POST","104","io.swagger.client.ApiResponse@218969b0"
"1701937099922","POST","93","io.swagger.client.ApiResponse@2d485405"
"1701937099904","POST","111","io.swagger.client.ApiResponse@4f1b7feb"
"1701937099917","POST","98","io.swagger.client.ApiResponse@34df3976"
"1701937099922","POST","101","io.swagger.client.ApiResponse@190bb434"
"1701937099921","POST","102","io.swagger.client.ApiResponse@14655d38"
"1701937099922","POST","102","io.swagger.client.ApiResponse@53dd24e8"
"1701937099929","POST","95","io.swagger.client.ApiResponse@11751f92"
"1701937099950","POST","78","io.swagger.client.ApiResponse@1b836686"
"1701937100015","POST","70","io.swagger.client.ApiResponse@616e9309"
"1701937100022","POST","69","io.swagger.client.ApiResponse@45b7527"
"1701937100047","POST","79","io.swagger.client.ApiResponse@51d022ab"
"1701937100046","POST","93","io.swagger.client.ApiResponse@672cff3e"
"1701937100047","POST","92","io.swagger.client.ApiResponse@220b03ec"
"1701937100056","POST","83","io.swagger.client.ApiResponse@65e03fa5"
"1701937100063","POST","81","io.swagger.client.ApiResponse@5e053777"
"1701937100063","POST","81","io.swagger.client.ApiResponse@4842cf07"
"1701937100063","POST","81","io.swagger.client.ApiResponse@a269be7"
"1701937100063","POST","82","io.swagger.client.ApiResponse@357b0fb2"
"1701937100126","POST","81","io.swagger.client.ApiResponse@26aa09f1"
"1701937100123","POST","88","io.swagger.client.ApiResponse@313fdacd"
"1701937100166","POST","85","io.swagger.client.ApiResponse@3e3c879b"
"1701937100180","POST","86","io.swagger.client.ApiResponse@6d3ae3fa""1701937100180","POST","86","io.swagger.client.ApiResponse@2754ca54""1701937100180","POST","86","io.swagger.client.ApiResponse@55153d89"


"1701937100186","POST","80","io.swagger.client.ApiResponse@40fe493f"
"1701937100180","POST","86","io.swagger.client.ApiResponse@6a0ca124"
"1701937100187","POST","83","io.swagger.client.ApiResponse@fb5cbfc"
"1701937100186","POST","93","io.swagger.client.ApiResponse@1d901ae"
"1701937100242","POST","112","io.swagger.client.ApiResponse@3960e191"
"1701937100242","POST","113","io.swagger.client.ApiResponse@1dd26b5d"
"1701937100282","POST","107","io.swagger.client.ApiResponse@2129a376"
"1701937100320","POST","87","io.swagger.client.ApiResponse@ee0d0f3"
"1701937100323","POST","89","io.swagger.client.ApiResponse@170140be"
"1701937100327","POST","85","io.swagger.client.ApiResponse@2b0190f""1701937100325","POST","87","io.swagger.client.ApiResponse@3b449324"

"1701937100325","POST","87","io.swagger.client.ApiResponse@3a8bac1d"
"1701937100323","POST","89","io.swagger.client.ApiResponse@45d3d340"
"1701937100342","POST","86","io.swagger.client.ApiResponse@7c9d82f3"
"1701937100396","POST","80","io.swagger.client.ApiResponse@6c182d8"
"1701937100403","POST","80","io.swagger.client.ApiResponse@60f19964"
"1701937100418","POST","71","io.swagger.client.ApiResponse@337f001c"
"1701937100434","POST","83","io.swagger.client.ApiResponse@3fadb037"
"1701937100447","POST","84","io.swagger.client.ApiResponse@6979d29e"
"1701937100443","POST","92","io.swagger.client.ApiResponse@2c90a958"
"1701937100443","POST","92","io.swagger.client.ApiResponse@5a173ad"
"1701937100443","POST","92","io.swagger.client.ApiResponse@7c9382b5"
"1701937100457","POST","79","io.swagger.client.ApiResponse@439a3d44"
"1701937100447","POST","92","io.swagger.client.ApiResponse@1616d03d"
"1701937100509","POST","74","io.swagger.client.ApiResponse@34679ef6""1701937100531","POST","52","io.swagger.client.ApiResponse@4e9889cc"

"1701937100527","POST","75","io.swagger.client.ApiResponse@6c5c0641"
"1701937100542","POST","85","io.swagger.client.ApiResponse@13c76d59"
"1701937100574","POST","70","io.swagger.client.ApiResponse@1fa007e0"
"1701937100574","POST","73","io.swagger.client.ApiResponse@4749d2f8"
"1701937100578","POST","94","io.swagger.client.ApiResponse@3b158d9a""1701937100578","POST","94","io.swagger.client.ApiResponse@1decd6da"

"1701937100588","POST","84","io.swagger.client.ApiResponse@47e9f8ca"
"1701937100578","POST","94","io.swagger.client.ApiResponse@47bf822"
"1701937100620","POST","77","io.swagger.client.ApiResponse@594af848"
"1701937100620","POST","87","io.swagger.client.ApiResponse@465d9e10"
"1701937100640","POST","73","io.swagger.client.ApiResponse@1173b01d"
"1701937100666","POST","78","io.swagger.client.ApiResponse@29a50b82"
"1701937100672","POST","81","io.swagger.client.ApiResponse@5de7dd35"
"1701937100679","POST","82","io.swagger.client.ApiResponse@63d4b1f4"
"1701937100707","POST","82","io.swagger.client.ApiResponse@1e9e77d1"
"1701937100707","POST","82","io.swagger.client.ApiResponse@625b245e"
"1701937100713","POST","87","io.swagger.client.ApiResponse@6b5ede4e"
"1701937100713","POST","87","io.swagger.client.ApiResponse@1c7bfe6a"
"1701937100753","POST","58","io.swagger.client.ApiResponse@3ff25c2f"
"1701937100746","POST","78","io.swagger.client.ApiResponse@5bb72696"
"1701937100745","POST","87","io.swagger.client.ApiResponse@6716800e"
"1701937100800","POST","85","io.swagger.client.ApiResponse@27da605e"
"1701937100793","POST","92","io.swagger.client.ApiResponse@58dd55af"
"1701937100832","POST","60","io.swagger.client.ApiResponse@6740ddbf"
"1701937100819","POST","80","io.swagger.client.ApiResponse@30276513"
"1701937100819","POST","80","io.swagger.client.ApiResponse@51480dd8"
"1701937100833","POST","76","io.swagger.client.ApiResponse@1e2faa72"
"1701937100833","POST","89","io.swagger.client.ApiResponse@d0c83fd"
"1701937100845","POST","80","io.swagger.client.ApiResponse@679fa710"
"1701937100854","POST","86","io.swagger.client.ApiResponse@349efe74"
"1701937100916","POST","81","io.swagger.client.ApiResponse@26a21ad6"
"1701937100915","POST","82","io.swagger.client.ApiResponse@1d260b1"
"1701937100915","POST","84","io.swagger.client.ApiResponse@7bdaeebf"
"1701937100934","POST","72","io.swagger.client.ApiResponse@4325fb7"
"1701937100943","POST","81","io.swagger.client.ApiResponse@6f5228e6"
"1701937100943","POST","81","io.swagger.client.ApiResponse@46145b7"
"1701937100941","POST","94","io.swagger.client.ApiResponse@7835c41f"
"1701937100960","POST","79","io.swagger.client.ApiResponse@10a37652"
"1701937100963","POST","85","io.swagger.client.ApiResponse@78d36c7d"
"1701937100979","POST","75","io.swagger.client.ApiResponse@5f01fe36"
"1701937101041","POST","77","io.swagger.client.ApiResponse@7be87428"
"1701937101039","POST","83","io.swagger.client.ApiResponse@4c1e9922"
"1701937101041","POST","91","io.swagger.client.ApiResponse@118b1d8c"
"1701937101041","POST","91","io.swagger.client.ApiResponse@754fe9f1"
"1701937101067","POST","67","io.swagger.client.ApiResponse@1eeb4685"
"1701937101054","POST","92","io.swagger.client.ApiResponse@554d9b00"
"1701937101054","POST","93","io.swagger.client.ApiResponse@5bec35ac"
"1701937101082","POST","79","io.swagger.client.ApiResponse@9ec415a"
"1701937101092","POST","78","io.swagger.client.ApiResponse@48173d34""1701937101073","POST","97","io.swagger.client.ApiResponse@b6d8718"

"1701937101167","POST","78","io.swagger.client.ApiResponse@3db8ea3a"
"1701937101167","POST","83","io.swagger.client.ApiResponse@732f63f7"
"1701937101171","POST","83","io.swagger.client.ApiResponse@5b706593"
"1701937101190","POST","74","io.swagger.client.ApiResponse@41276364""1701937101177","POST","87","io.swagger.client.ApiResponse@56134d22"

"1701937101171","POST","99","io.swagger.client.ApiResponse@b3d8339"
"1701937101177","POST","93","io.swagger.client.ApiResponse@3d0df270"
"1701937101203","POST","74","io.swagger.client.ApiResponse@55e3188a"
"1701937101218","POST","93","io.swagger.client.ApiResponse@22893cbd"
"1701937101218","POST","96","io.swagger.client.ApiResponse@3a1fe66"
"1701937101273","POST","79","io.swagger.client.ApiResponse@1dff62e7"
"1701937101283","POST","87","io.swagger.client.ApiResponse@77b14928"
"1701937101284","POST","86","io.swagger.client.ApiResponse@fbedb30"
"1701937101302","POST","93","io.swagger.client.ApiResponse@58ab93bd"
"1701937101302","POST","93","io.swagger.client.ApiResponse@7816c7fe"
"1701937101311","POST","91","io.swagger.client.ApiResponse@ecf0b1d""1701937101311","POST","91","io.swagger.client.ApiResponse@2b14e2e8"

"1701937101315","POST","97","io.swagger.client.ApiResponse@23bace07"
"1701937101360","POST","80","io.swagger.client.ApiResponse@39c7edcc"
"1701937101346","POST","95","io.swagger.client.ApiResponse@108742ca"
"1701937101412","POST","73","io.swagger.client.ApiResponse@28b89635"
"1701937101396","POST","89","io.swagger.client.ApiResponse@2c91efcd"
"1701937101412","POST","74","io.swagger.client.ApiResponse@34db902c"
"1701937101437","POST","74","io.swagger.client.ApiResponse@631d7773"
"1701937101437","POST","74","io.swagger.client.ApiResponse@b8e2140"
"1701937101437","POST","85","io.swagger.client.ApiResponse@41578bd8"
"1701937101437","POST","85","io.swagger.client.ApiResponse@7e369183"
"1701937101444","POST","95","io.swagger.client.ApiResponse@59025088"
"1701937101479","POST","82","io.swagger.client.ApiResponse@45f33c61"
"1701937101479","POST","96","io.swagger.client.ApiResponse@65b4b604"
"1701937101534","POST","80","io.swagger.client.ApiResponse@1f1ec8c1"
"1701937101529","POST","85","io.swagger.client.ApiResponse@719aaf40"
"1701937101539","POST","84","io.swagger.client.ApiResponse@76b4fa43"
"1701937101546","POST","81","io.swagger.client.ApiResponse@3add9a5d"
"1701937101561","POST","80","io.swagger.client.ApiResponse@1c6a33ed"
"1701937101546","POST","99","io.swagger.client.ApiResponse@322c0a75"
"1701937101564","POST","88","io.swagger.client.ApiResponse@5810f83d"
"1701937101583","POST","78","io.swagger.client.ApiResponse@597923fb"
"1701937101593","POST","88","io.swagger.client.ApiResponse@4f0ae4ce"
"1701937101607","POST","86","io.swagger.client.ApiResponse@12bd47a0"
"1701937101652","POST","73","io.swagger.client.ApiResponse@c1825f2"
"1701937101661","POST","73","io.swagger.client.ApiResponse@3926cf7b"
"1701937101652","POST","90","io.swagger.client.ApiResponse@7ba744a6"
"1701937101661","POST","81","io.swagger.client.ApiResponse@4702440b"
"1701937101678","POST","73","io.swagger.client.ApiResponse@55182f93"
"1701937101693","POST","81","io.swagger.client.ApiResponse@24f29d44"
"1701937101681","POST","96","io.swagger.client.ApiResponse@76cc19f"
"1701937101693","POST","91","io.swagger.client.ApiResponse@47e7bc8b"
"1701937101721","POST","90","io.swagger.client.ApiResponse@19b61a32"
"1701937101734","POST","83","io.swagger.client.ApiResponse@6a172b81"
"1701937101764","POST","71","io.swagger.client.ApiResponse@5eca5b62"
"1701937101774","POST","76","io.swagger.client.ApiResponse@31dc7b81"
"1701937101784","POST","84","io.swagger.client.ApiResponse@3191553c"
"1701937101784","POST","84","io.swagger.client.ApiResponse@68d6fcb4"
"1701937101790","POST","85","io.swagger.client.ApiResponse@434ad605"
"1701937101811","POST","74","io.swagger.client.ApiResponse@596710c6"
"1701937101811","POST","77","io.swagger.client.ApiResponse@76a6a8bb"
"1701937101815","POST","85","io.swagger.client.ApiResponse@4b9f3a82"
"1701937101847","POST","80","io.swagger.client.ApiResponse@6f803863"
"1701937101885","POST","45","io.swagger.client.ApiResponse@4c1400fc"
"1701937101857","POST","93","io.swagger.client.ApiResponse@15711c9f"
"1701937101869","POST","104","io.swagger.client.ApiResponse@1bb26ced"
"1701937101900","POST","91","io.swagger.client.ApiResponse@4bc675b9"
"1701937101901","POST","91","io.swagger.client.ApiResponse@28407182"
"1701937101921","POST","73","io.swagger.client.ApiResponse@79812f9e"
"1701937101915","POST","84","io.swagger.client.ApiResponse@876a203"
"1701937101942","POST","78","io.swagger.client.ApiResponse@6c4dbb55"
"1701937101951","POST","87","io.swagger.client.ApiResponse@68175dd"
"1701937101959","POST","92","io.swagger.client.ApiResponse@5216fdfe"
"1701937101959","POST","92","io.swagger.client.ApiResponse@218b1d41"
"1701937101994","POST","91","io.swagger.client.ApiResponse@71efa770"
"1701937102008","POST","84","io.swagger.client.ApiResponse@1d759c28"
"1701937102034","POST","72","io.swagger.client.ApiResponse@45daae4e"
"1701937102037","POST","94","io.swagger.client.ApiResponse@4dd57600""1701937102038","POST","93","io.swagger.client.ApiResponse@568c6777""1701937102040","POST","91","io.swagger.client.ApiResponse@3d9db0"


"1701937102052","POST","79","io.swagger.client.ApiResponse@482c0205"
"1701937102079","POST","69","io.swagger.client.ApiResponse@2f29bce9"
"1701937102084","POST","81","io.swagger.client.ApiResponse@3c543383""1701937102082","POST","83","io.swagger.client.ApiResponse@6faa30f6"

"1701937102131","POST","72","io.swagger.client.ApiResponse@4d2d871""1701937102126","POST","77","io.swagger.client.ApiResponse@4f7bf32f"

"1701937102135","POST","81","io.swagger.client.ApiResponse@2ee51364"
"1701937102165","POST","69","io.swagger.client.ApiResponse@13978fbd"
"1701937102165","POST","77","io.swagger.client.ApiResponse@125a9d93"
"1701937102203","POST","45","io.swagger.client.ApiResponse@312c85ac"
"1701937102174","POST","87","io.swagger.client.ApiResponse@7dcded0f"
"1701937102175","POST","90","io.swagger.client.ApiResponse@3a79599f""1701937102174","POST","91","io.swagger.client.ApiResponse@5aedc19a"

"1701937102195","POST","74","io.swagger.client.ApiResponse@7dab2f23"
"1701937102234","POST","85","io.swagger.client.ApiResponse@6269f7fe"
"1701937102261","POST","71","io.swagger.client.ApiResponse@699a823b"
"1701937102265","POST","88","io.swagger.client.ApiResponse@2f2a8050""1701937102265","POST","88","io.swagger.client.ApiResponse@5f9413d9"

"1701937102278","POST","85","io.swagger.client.ApiResponse@7fea5e6d"
"1701937102291","POST","75","io.swagger.client.ApiResponse@4ba07bf""1701937102291","POST","75","io.swagger.client.ApiResponse@341f4fc0"

"1701937102312","POST","85","io.swagger.client.ApiResponse@6e0f28d5"
"1701937102308","POST","98","io.swagger.client.ApiResponse@1d5c1933""1701937102308","POST","98","io.swagger.client.ApiResponse@3d4b50d8"

"1701937102366","POST","62","io.swagger.client.ApiResponse@70c2899a"
"1701937102353","POST","81","io.swagger.client.ApiResponse@451b791"
"1701937102393","POST","84","io.swagger.client.ApiResponse@1c185a95"
"1701937102393","POST","97","io.swagger.client.ApiResponse@398ce543"
"1701937102397","POST","93","io.swagger.client.ApiResponse@36726c14"
"1701937102397","POST","93","io.swagger.client.ApiResponse@31c738e8"
"1701937102393","POST","97","io.swagger.client.ApiResponse@11b8870"
"1701937102440","POST","81","io.swagger.client.ApiResponse@7bdbec34"
"1701937102440","POST","81","io.swagger.client.ApiResponse@25b4c294"
"1701937102439","POST","85","io.swagger.client.ApiResponse@548b613d"
"1701937102457","POST","67","io.swagger.client.ApiResponse@23e4a8b5"
"1701937102471","POST","77","io.swagger.client.ApiResponse@1ffb2afc"
"1701937102516","POST","86","io.swagger.client.ApiResponse@16507b4a"
"1701937102521","POST","86","io.swagger.client.ApiResponse@15a30718"
"1701937102532","POST","79","io.swagger.client.ApiResponse@3946f98b"
"1701937102532","POST","92","io.swagger.client.ApiResponse@4723b6ad"
"1701937102532","POST","92","io.swagger.client.ApiResponse@4ac196c2"
"1701937102552","POST","89","io.swagger.client.ApiResponse@5d926d96"
"1701937102562","POST","92","io.swagger.client.ApiResponse@2694d45d"
"1701937102562","POST","93","io.swagger.client.ApiResponse@67c41b6f"
"1701937102562","POST","95","io.swagger.client.ApiResponse@66023b21"
"1701937102588","POST","75","io.swagger.client.ApiResponse@176fbd32"
"1701937102653","POST","54","io.swagger.client.ApiResponse@67c4184f"
"1701937102653","POST","78","io.swagger.client.ApiResponse@55252ecd"
"1701937102652","POST","79","io.swagger.client.ApiResponse@127de90d"
"1701937102670","POST","86","io.swagger.client.ApiResponse@49ec902d"
"1701937102670","POST","86","io.swagger.client.ApiResponse@449d1781"
"1701937102676","POST","85","io.swagger.client.ApiResponse@52560a3"
"1701937102693","POST","79","io.swagger.client.ApiResponse@3dcfdd3f"
"1701937102700","POST","82","io.swagger.client.ApiResponse@75bf358f"
"1701937102707","POST","80","io.swagger.client.ApiResponse@645a623f"
"1701937102731","POST","85","io.swagger.client.ApiResponse@6c6ca36f"
"1701937102746","POST","77","io.swagger.client.ApiResponse@50734a20"
"1701937102769","POST","84","io.swagger.client.ApiResponse@59dcc856"
"1701937102782","POST","77","io.swagger.client.ApiResponse@18f53d8b"
"1701937102769","POST","92","io.swagger.client.ApiResponse@5d4ee8ac"
"1701937102782","POST","79","io.swagger.client.ApiResponse@26d27210"
"1701937102793","POST","80","io.swagger.client.ApiResponse@38f56b1a"
"1701937102807","POST","91","io.swagger.client.ApiResponse@87b675d"
"1701937102823","POST","86","io.swagger.client.ApiResponse@4b9aaccc"
"1701937102823","POST","90","io.swagger.client.ApiResponse@14bbf593"
"1701937102858","POST","72","io.swagger.client.ApiResponse@5e899d19"
"1701937102859","POST","85","io.swagger.client.ApiResponse@4b6b34cb"
"1701937102885","POST","76","io.swagger.client.ApiResponse@16f98391"
"1701937102904","POST","94","io.swagger.client.ApiResponse@6f905ed0"
"1701937102904","POST","94","io.swagger.client.ApiResponse@6b2af265""1701937102905","POST","93","io.swagger.client.ApiResponse@3a7183af"

"1701937102910","POST","88","io.swagger.client.ApiResponse@16d3a333"
"1701937102930","POST","73","io.swagger.client.ApiResponse@156c7bb5"
"1701937102949","POST","72","io.swagger.client.ApiResponse@7376d61f"
"1701937102949","POST","76","io.swagger.client.ApiResponse@5e76238c"
"1701937102968","POST","73","io.swagger.client.ApiResponse@65f217f9"
"1701937102988","POST","78","io.swagger.client.ApiResponse@7e4931ea"
"1701937102982","POST","88","io.swagger.client.ApiResponse@7479d8d8"
"1701937103037","POST","69","io.swagger.client.ApiResponse@23a262f"
"1701937103037","POST","69","io.swagger.client.ApiResponse@2531d16f"
"1701937103038","POST","82","io.swagger.client.ApiResponse@243910d6"
"1701937103037","POST","83","io.swagger.client.ApiResponse@39729469"
"1701937103037","POST","83","io.swagger.client.ApiResponse@263c2ed6"
"1701937103061","POST","70","io.swagger.client.ApiResponse@516c0335"
"1701937103061","POST","79","io.swagger.client.ApiResponse@6369a673"
"1701937103070","POST","80","io.swagger.client.ApiResponse@6157ebda"
"1701937103106","POST","78","io.swagger.client.ApiResponse@7aa453f1"
"1701937103111","POST","76","io.swagger.client.ApiResponse@38c91888"
"1701937103152","POST","85","io.swagger.client.ApiResponse@4ef1a845"
"1701937103151","POST","93","io.swagger.client.ApiResponse@4710e3b4"
"1701937103169","POST","83","io.swagger.client.ApiResponse@15091f19"
"1701937103164","POST","94","io.swagger.client.ApiResponse@14dc438""1701937103164","POST","94","io.swagger.client.ApiResponse@f39ff2d"

"1701937103163","POST","95","io.swagger.client.ApiResponse@a5e004"
"1701937103164","POST","98","io.swagger.client.ApiResponse@78e8390b"
"1701937103184","POST","86","io.swagger.client.ApiResponse@1ddc1450"
"1701937103231","POST","83","io.swagger.client.ApiResponse@31d534ec""1701937103216","POST","98","io.swagger.client.ApiResponse@4a45f4f6"

"1701937103272","POST","81","io.swagger.client.ApiResponse@ba6476b"
"1701937103297","POST","103","io.swagger.client.ApiResponse@7d932f1b"
"1701937103298","POST","102","io.swagger.client.ApiResponse@27400fe9"
"1701937103298","POST","102","io.swagger.client.ApiResponse@f877b08"
"1701937103283","POST","117","io.swagger.client.ApiResponse@3d021391"
"1701937103276","POST","125","io.swagger.client.ApiResponse@4fdf4133"
"1701937103314","POST","87","io.swagger.client.ApiResponse@16f5c63d"
"1701937103305","POST","118","io.swagger.client.ApiResponse@1b379c33"
"1701937103350","POST","115","io.swagger.client.ApiResponse@6f0b22e8"
"1701937103350","POST","121","io.swagger.client.ApiResponse@5ec253e8"
"1701937103423","POST","84","io.swagger.client.ApiResponse@46875fa4"
"1701937103439","POST","98","io.swagger.client.ApiResponse@2d2c2578"
"1701937103438","POST","101","io.swagger.client.ApiResponse@67ca633f"
"1701937103439","POST","100","io.swagger.client.ApiResponse@4d8aeca4"
"1701937103440","POST","99","io.swagger.client.ApiResponse@49e5ae72"
"1701937103437","POST","102","io.swagger.client.ApiResponse@23077960"
"1701937103442","POST","97","io.swagger.client.ApiResponse@2705c146"
"1701937103465","POST","77","io.swagger.client.ApiResponse@cfcbe20"
"1701937103501","POST","71","io.swagger.client.ApiResponse@5501c9e4"
"1701937103531","POST","74","io.swagger.client.ApiResponse@4965045d"
"1701937103537","POST","71","io.swagger.client.ApiResponse@650b74b6"
"1701937103572","POST","59","io.swagger.client.ApiResponse@6a024c6d"
"1701937103575","POST","79","io.swagger.client.ApiResponse@406ad1c2"
"1701937103575","POST","79","io.swagger.client.ApiResponse@6e51e357"
"1701937103572","POST","85","io.swagger.client.ApiResponse@64366b02"
"1701937103575","POST","82","io.swagger.client.ApiResponse@3c529044"
"1701937103575","POST","82","io.swagger.client.ApiResponse@5efc4d33"
"1701937103575","POST","82","io.swagger.client.ApiResponse@7857aa10"
"1701937103597","POST","70","io.swagger.client.ApiResponse@12134cda"
"1701937103648","POST","66","io.swagger.client.ApiResponse@53820b6c"
"1701937103648","POST","73","io.swagger.client.ApiResponse@2722e373"
"1701937103657","POST","80","io.swagger.client.ApiResponse@569edc51"
"1701937103688","POST","64","io.swagger.client.ApiResponse@1aabe16f"
"1701937103681","POST","78","io.swagger.client.ApiResponse@2287927a"
"1701937103694","POST","81","io.swagger.client.ApiResponse@16afd052"
"1701937103694","POST","81","io.swagger.client.ApiResponse@2242ad92"
"1701937103693","POST","82","io.swagger.client.ApiResponse@b03f967"
"1701937103694","POST","88","io.swagger.client.ApiResponse@2644de87"
"1701937103694","POST","88","io.swagger.client.ApiResponse@4a49fe21"
"1701937103752","POST","82","io.swagger.client.ApiResponse@3ad48dff"
"1701937103752","POST","89","io.swagger.client.ApiResponse@1a45648d"
"1701937103775","POST","66","io.swagger.client.ApiResponse@63f7f4ee"
"1701937103786","POST","83","io.swagger.client.ApiResponse@7e5bbc8a"
"1701937103798","POST","74","io.swagger.client.ApiResponse@7d8cb229"
"1701937103813","POST","80","io.swagger.client.ApiResponse@22158aff"
"1701937103818","POST","81","io.swagger.client.ApiResponse@3b973b48"
"1701937103828","POST","74","io.swagger.client.ApiResponse@3ab0eb51"
"1701937103828","POST","81","io.swagger.client.ApiResponse@2fd60b92"
"1701937103842","POST","68","io.swagger.client.ApiResponse@4d0df6fe"
"1701937103872","POST","71","io.swagger.client.ApiResponse@766b87a0"
"1701937103883","POST","74","io.swagger.client.ApiResponse@5cfa0825"
"1701937103883","POST","77","io.swagger.client.ApiResponse@6d393d5b"
"1701937103902","POST","84","io.swagger.client.ApiResponse@431858cd"
"1701937103902","POST","85","io.swagger.client.ApiResponse@436aad30"
"1701937103929","POST","75","io.swagger.client.ApiResponse@28015092""1701937103923","POST","81","io.swagger.client.ApiResponse@6ec33403"

"1701937103940","POST","84","io.swagger.client.ApiResponse@9d1fb01"
"1701937103986","POST","48","io.swagger.client.ApiResponse@4b11fe0b"
"1701937103957","POST","86","io.swagger.client.ApiResponse@599c3c5f""1701937103957","POST","86","io.swagger.client.ApiResponse@3c0a6857"

"1701937104004","POST","79","io.swagger.client.ApiResponse@5fa3fe4b"
"1701937103997","POST","92","io.swagger.client.ApiResponse@82ec804"
"1701937104029","POST","83","io.swagger.client.ApiResponse@729cfcff"
"1701937104055","POST","83","io.swagger.client.ApiResponse@44dcc762"
"1701937104047","POST","91","io.swagger.client.ApiResponse@16b15857"
"1701937104047","POST","100","io.swagger.client.ApiResponse@43061b18"
"1701937104046","POST","101","io.swagger.client.ApiResponse@3a5b4238"
"1701937104064","POST","89","io.swagger.client.ApiResponse@3134c1ae"
"1701937104090","POST","79","io.swagger.client.ApiResponse@4aa3635d"
"1701937104090","POST","95","io.swagger.client.ApiResponse@3e6b5605"
"1701937104112","POST","82","io.swagger.client.ApiResponse@1eb34a27"
"1701937104137","POST","82","io.swagger.client.ApiResponse@1ead3750"
"1701937104153","POST","75","io.swagger.client.ApiResponse@1e5c3c94"
"1701937104177","POST","67","io.swagger.client.ApiResponse@876d75c"
"1701937104178","POST","81","io.swagger.client.ApiResponse@14396da5"
"1701937104185","POST","86","io.swagger.client.ApiResponse@1807f24"
"1701937104179","POST","92","io.swagger.client.ApiResponse@28cf86"
"1701937104179","POST","92","io.swagger.client.ApiResponse@4ec41782"
"1701937104195","POST","79","io.swagger.client.ApiResponse@35d38460"
"1701937104224","POST","79","io.swagger.client.ApiResponse@24a545d4"
"1701937104224","POST","92","io.swagger.client.ApiResponse@519396ec"
"1701937104260","POST","69","io.swagger.client.ApiResponse@2c9ab1e0"
"1701937104266","POST","86","io.swagger.client.ApiResponse@5f4b8924"
"1701937104277","POST","81","io.swagger.client.ApiResponse@3f260e1a"
"1701937104289","POST","77","io.swagger.client.ApiResponse@150da73c"
"1701937104309","POST","71","io.swagger.client.ApiResponse@4da238b9"
"1701937104308","POST","98","io.swagger.client.ApiResponse@7bec9f7f""1701937104308","POST","98","io.swagger.client.ApiResponse@21d73434"

"1701937104329","POST","77","io.swagger.client.ApiResponse@39c03f83"
"1701937104308","POST","98","io.swagger.client.ApiResponse@52a34c85"
"1701937104352","POST","89","io.swagger.client.ApiResponse@66181519"
"1701937104363","POST","95","io.swagger.client.ApiResponse@1c577d7a"
"1701937104399","POST","81","io.swagger.client.ApiResponse@21823b1d""1701937104400","POST","80","io.swagger.client.ApiResponse@e2d058"

"1701937104406","POST","85","io.swagger.client.ApiResponse@6cbe2197"
"1701937104410","POST","90","io.swagger.client.ApiResponse@23916fbe"
"1701937104446","POST","86","io.swagger.client.ApiResponse@74d61723"
"1701937104446","POST","108","io.swagger.client.ApiResponse@1c931c1"
"1701937104446","POST","113","io.swagger.client.ApiResponse@76c5ceeb""1701937104446","POST","113","io.swagger.client.ApiResponse@635b62f1"

"1701937104482","POST","77","io.swagger.client.ApiResponse@6b6ec994"
"1701937104505","POST","87","io.swagger.client.ApiResponse@6658ecdf"
"1701937104511","POST","91","io.swagger.client.ApiResponse@47bfe28b"
"1701937104511","POST","91","io.swagger.client.ApiResponse@b34763b"
"1701937104528","POST","93","io.swagger.client.ApiResponse@ca513cc"
"1701937104542","POST","79","io.swagger.client.ApiResponse@40c6af6e"
"1701937104568","POST","89","io.swagger.client.ApiResponse@42cec490"
"1701937104597","POST","71","io.swagger.client.ApiResponse@72e10595"
"1701937104597","POST","79","io.swagger.client.ApiResponse@11a48da8"
"1701937104597","POST","79","io.swagger.client.ApiResponse@462c0918"
"1701937104597","POST","92","io.swagger.client.ApiResponse@78cbb5f5"
"1701937104621","POST","77","io.swagger.client.ApiResponse@14265fd7"
"1701937104640","POST","87","io.swagger.client.ApiResponse@1407a36"
"1701937104656","POST","84","io.swagger.client.ApiResponse@b9590be"
"1701937104658","POST","82","io.swagger.client.ApiResponse@1b74da44"
"1701937104640","POST","100","io.swagger.client.ApiResponse@228ac25f"
"1701937104698","POST","78","io.swagger.client.ApiResponse@71bd5f05"
"1701937104698","POST","78","io.swagger.client.ApiResponse@1fe3a3e9"
"1701937104706","POST","81","io.swagger.client.ApiResponse@73108fd8"
"1701937104706","POST","81","io.swagger.client.ApiResponse@63852320"
"1701937104740","POST","51","io.swagger.client.ApiResponse@86b06c5"
"1701937104730","POST","77","io.swagger.client.ApiResponse@2b74fb63"
"1701937104761","POST","91","io.swagger.client.ApiResponse@f57061f"
"1701937104776","POST","76","io.swagger.client.ApiResponse@1b697d8c"
"1701937104776","POST","81","io.swagger.client.ApiResponse@102d79e1"
"1701937104816","POST","79","io.swagger.client.ApiResponse@466c4e84"
"1701937104807","POST","89","io.swagger.client.ApiResponse@64045999"
"1701937104822","POST","81","io.swagger.client.ApiResponse@7732ac46"
"1701937104822","POST","87","io.swagger.client.ApiResponse@7bba1f12"
"1701937104816","POST","93","io.swagger.client.ApiResponse@702d40b6"
"1701937104816","POST","93","io.swagger.client.ApiResponse@615214a8"
"1701937104852","POST","83","io.swagger.client.ApiResponse@77c767c1"
"1701937104900","POST","82","io.swagger.client.ApiResponse@108c4849"
"1701937104900","POST","82","io.swagger.client.ApiResponse@74a8e12f"
"1701937104896","POST","89","io.swagger.client.ApiResponse@6ba6486f"
"1701937104929","POST","75","io.swagger.client.ApiResponse@759c34b3"
"1701937104926","POST","82","io.swagger.client.ApiResponse@3ef745c"
"1701937104941","POST","88","io.swagger.client.ApiResponse@2f8ada32""1701937104941","POST","88","io.swagger.client.ApiResponse@6f43f112"

"1701937104952","POST","85","io.swagger.client.ApiResponse@44b78010"
"1701937104952","POST","85","io.swagger.client.ApiResponse@724146c4"
"1701937104975","POST","76","io.swagger.client.ApiResponse@6a0d4e7b"
"1701937105029","POST","98","io.swagger.client.ApiResponse@4babb802"
"1701937105012","POST","115","io.swagger.client.ApiResponse@26893031"
"1701937105019","POST","108","io.swagger.client.ApiResponse@2a181d35"
"1701937105043","POST","84","io.swagger.client.ApiResponse@20e534be"
"1701937105055","POST","77","io.swagger.client.ApiResponse@4286dfdd"
"1701937105072","POST","76","io.swagger.client.ApiResponse@41837279"
"1701937105072","POST","83","io.swagger.client.ApiResponse@54e5c57"
"1701937105072","POST","97","io.swagger.client.ApiResponse@788b7770"
"1701937105075","POST","99","io.swagger.client.ApiResponse@447fad28""1701937105072","POST","102","io.swagger.client.ApiResponse@2e6ef0cd"

"1701937105161","POST","68","io.swagger.client.ApiResponse@1e4c3f20"
"1701937105161","POST","105","io.swagger.client.ApiResponse@413dc8b5"
"1701937105165","POST","107","io.swagger.client.ApiResponse@5316037e"
"1701937105174","POST","102","io.swagger.client.ApiResponse@36e678e7""1701937105185","POST","91","io.swagger.client.ApiResponse@1410dacf"

"1701937105169","POST","108","io.swagger.client.ApiResponse@28398979"
"1701937105176","POST","103","io.swagger.client.ApiResponse@3eeac4b4"
"1701937105227","POST","83","io.swagger.client.ApiResponse@43ddb601""1701937105227","POST","83","io.swagger.client.ApiResponse@5cb77906"

"1701937105227","POST","84","io.swagger.client.ApiResponse@5248665c"
"1701937105272","POST","81","io.swagger.client.ApiResponse@5984d7ff"
"1701937105295","POST","72","io.swagger.client.ApiResponse@3da6fbd6"
"1701937105311","POST","76","io.swagger.client.ApiResponse@60c612d3"
"1701937105311","POST","78","io.swagger.client.ApiResponse@5b60ec4c"
"1701937105311","POST","78","io.swagger.client.ApiResponse@50b9b441"
"1701937105311","POST","89","io.swagger.client.ApiResponse@1ccf527e""1701937105311","POST","89","io.swagger.client.ApiResponse@1853e71"

"1701937105352","POST","86","io.swagger.client.ApiResponse@32a04a6c"
"1701937105352","POST","88","io.swagger.client.ApiResponse@37e7c54e"
"1701937105352","POST","88","io.swagger.client.ApiResponse@50ff11c2"
"1701937105393","POST","90","io.swagger.client.ApiResponse@217354c7"
"1701937105393","POST","90","io.swagger.client.ApiResponse@294f8108"
"1701937105411","POST","73","io.swagger.client.ApiResponse@5f6581d4"
"1701937105425","POST","74","io.swagger.client.ApiResponse@5b244c47""1701937105425","POST","74","io.swagger.client.ApiResponse@55a75fc1"

"1701937105438","POST","86","io.swagger.client.ApiResponse@23f5007b"
"1701937105438","POST","92","io.swagger.client.ApiResponse@4ab26471"
"1701937105484","POST","87","io.swagger.client.ApiResponse@7d1663c1"
"1701937105484","POST","87","io.swagger.client.ApiResponse@453c8723"
"1701937105484","POST","91","io.swagger.client.ApiResponse@5e9de0b0"
"1701937105524","POST","64","io.swagger.client.ApiResponse@648c7f65"
"1701937105524","POST","72","io.swagger.client.ApiResponse@7b2c89e9"
"1701937105527","POST","88","io.swagger.client.ApiResponse@278ba711"
"1701937105527","POST","93","io.swagger.client.ApiResponse@54b641c2""1701937105527","POST","93","io.swagger.client.ApiResponse@78b35438"

"1701937105552","POST","76","io.swagger.client.ApiResponse@139196ce"
"1701937105571","POST","103","io.swagger.client.ApiResponse@5c3f2347"
"1701937105608","POST","113","io.swagger.client.ApiResponse@2f7e477a"
"1701937105609","POST","120","io.swagger.client.ApiResponse@639b403c"
"1701937105608","POST","121","io.swagger.client.ApiResponse@300a912"
"1701937105623","POST","106","io.swagger.client.ApiResponse@4fe3e8ec"
"1701937105670","POST","82","io.swagger.client.ApiResponse@6c2cae95"
"1701937105675","POST","84","io.swagger.client.ApiResponse@1a9a34b""1701937105675","POST","84","io.swagger.client.ApiResponse@35b80114"
"1701937105674","POST","85","io.swagger.client.ApiResponse@33b914e1"

"1701937105675","POST","87","io.swagger.client.ApiResponse@49320b99"
"1701937105716","POST","84","io.swagger.client.ApiResponse@9cb55ea"
"1701937105752","POST","82","io.swagger.client.ApiResponse@968bfab"
"1701937105763","POST","85","io.swagger.client.ApiResponse@4d971b52"
"1701937105763","POST","85","io.swagger.client.ApiResponse@10c5c590"
"1701937105763","POST","88","io.swagger.client.ApiResponse@53858343"
"1701937105787","POST","82","io.swagger.client.ApiResponse@7728aca1"
"1701937105801","POST","82","io.swagger.client.ApiResponse@6146bdf1"
"1701937105801","POST","88","io.swagger.client.ApiResponse@65caa0ca"
"1701937105801","POST","88","io.swagger.client.ApiResponse@2921ed2b"
"1701937105800","POST","95","io.swagger.client.ApiResponse@6b055dbd"
"1701937105847","POST","85","io.swagger.client.ApiResponse@380c3867"
"1701937105860","POST","79","io.swagger.client.ApiResponse@6a532810"
"1701937105889","POST","97","io.swagger.client.ApiResponse@5edc7600"
"1701937105900","POST","92","io.swagger.client.ApiResponse@36f4592f"
"1701937105889","POST","103","io.swagger.client.ApiResponse@63830bc8"
"1701937105892","POST","100","io.swagger.client.ApiResponse@79468dfa""1701937105918","POST","74","io.swagger.client.ApiResponse@3e7de3cc"

"1701937105937","POST","115","io.swagger.client.ApiResponse@54f46c3a"
"1701937105941","POST","111","io.swagger.client.ApiResponse@9d11855"
"1701937105933","POST","120","io.swagger.client.ApiResponse@29f7973a"
"1701937105978","POST","76","io.swagger.client.ApiResponse@1732217b"
"1701937105983","POST","113","io.swagger.client.ApiResponse@22e25ade"
"1701937106053","POST","48","io.swagger.client.ApiResponse@583c05c0"
"1701937106053","POST","82","io.swagger.client.ApiResponse@735dc01""1701937106054","POST","81","io.swagger.client.ApiResponse@661b4f21"

"1701937106053","POST","92","io.swagger.client.ApiResponse@58dd659b"
"1701937106054","POST","91","io.swagger.client.ApiResponse@4c0bfa22"
"1701937106095","POST","77","io.swagger.client.ApiResponse@38bbdcb2"
"1701937106095","POST","81","io.swagger.client.ApiResponse@50cd79db"
"1701937106095","POST","89","io.swagger.client.ApiResponse@62f53454"
"1701937106125","POST","71","io.swagger.client.ApiResponse@c116013"
"1701937106139","POST","78","io.swagger.client.ApiResponse@2954b053""1701937106135","POST","82","io.swagger.client.ApiResponse@6a9efcd"

"1701937106171","POST","92","io.swagger.client.ApiResponse@13cc0110""1701937106184","POST","79","io.swagger.client.ApiResponse@4f120352""1701937106170","POST","93","io.swagger.client.ApiResponse@2722d49d"


"1701937106176","POST","88","io.swagger.client.ApiResponse@3c83e0ac"
"1701937106208","POST","77","io.swagger.client.ApiResponse@e524b09"
"1701937106208","POST","87","io.swagger.client.ApiResponse@d2470c5"
"1701937106224","POST","73","io.swagger.client.ApiResponse@b0601e6"
"1701937106217","POST","84","io.swagger.client.ApiResponse@317b82b9"
"1701937106248","POST","80","io.swagger.client.ApiResponse@2a0080c4"
"1701937106252","POST","76","io.swagger.client.ApiResponse@6e88fadb"
"1701937106302","POST","78","io.swagger.client.ApiResponse@5863eb83""1701937106295","POST","85","io.swagger.client.ApiResponse@296ef6e"

"1701937106302","POST","85","io.swagger.client.ApiResponse@42c6b0c""1701937106297","POST","90","io.swagger.client.ApiResponse@206231ef"

"1701937106321","POST","68","io.swagger.client.ApiResponse@5f9f1ffd"
"1701937106332","POST","71","io.swagger.client.ApiResponse@6ffd982"
"1701937106337","POST","84","io.swagger.client.ApiResponse@6065a07c"
"1701937106337","POST","84","io.swagger.client.ApiResponse@7d325980"
"1701937106361","POST","106","io.swagger.client.ApiResponse@1d59847"
"1701937106369","POST","101","io.swagger.client.ApiResponse@1f23b9b5"
"1701937106415","POST","110","io.swagger.client.ApiResponse@3626ca13"
"1701937106415","POST","122","io.swagger.client.ApiResponse@5ed8b22b"
"1701937106421","POST","129","io.swagger.client.ApiResponse@6fd7278a"
"1701937106421","POST","135","io.swagger.client.ApiResponse@42378f67"
"1701937106467","POST","92","io.swagger.client.ApiResponse@1259f421"
"1701937106470","POST","99","io.swagger.client.ApiResponse@12eaf508"
"1701937106504","POST","89","io.swagger.client.ApiResponse@5fc9e33"
"1701937106513","POST","86","io.swagger.client.ApiResponse@77cd2278"
"1701937106504","POST","100","io.swagger.client.ApiResponse@66b50d1"
"1701937106513","POST","101","io.swagger.client.ApiResponse@15688b66"
"1701937106559","POST","82","io.swagger.client.ApiResponse@7f6c670c"
"1701937106576","POST","75","io.swagger.client.ApiResponse@22737fca"
"1701937106562","POST","89","io.swagger.client.ApiResponse@4dcdb89"
"1701937106604","POST","48","io.swagger.client.ApiResponse@6c02563b"
"1701937106593","POST","71","io.swagger.client.ApiResponse@6302016a"
"1701937106599","POST","77","io.swagger.client.ApiResponse@34e9a780"
"1701937106632","POST","73","io.swagger.client.ApiResponse@2cac5f11""1701937106627","POST","78","io.swagger.client.ApiResponse@356f28f2"

"1701937106649","POST","71","io.swagger.client.ApiResponse@2e879cae"
"1701937106672","POST","78","io.swagger.client.ApiResponse@7305b1fe"
"1701937106720","POST","45","io.swagger.client.ApiResponse@189569f8""1701937106684","POST","81","io.swagger.client.ApiResponse@6bbdd587"

"1701937106676","POST","89","io.swagger.client.ApiResponse@2befdbd5"
"1701937106690","POST","101","io.swagger.client.ApiResponse@25afc64a"
"1701937106690","POST","101","io.swagger.client.ApiResponse@6737c765"
"1701937106705","POST","88","io.swagger.client.ApiResponse@68fc10a7"
"1701937106745","POST","76","io.swagger.client.ApiResponse@47857e19"
"1701937106745","POST","86","io.swagger.client.ApiResponse@1f8f24d2"
"1701937106791","POST","44","io.swagger.client.ApiResponse@72a7da6a"
"1701937106799","POST","83","io.swagger.client.ApiResponse@3cb98394"
"1701937106798","POST","88","io.swagger.client.ApiResponse@3e264b1"
"1701937106798","POST","88","io.swagger.client.ApiResponse@3f830ccb"
"1701937106798","POST","92","io.swagger.client.ApiResponse@5fd44883"
"1701937106826","POST","71","io.swagger.client.ApiResponse@205a84c""1701937106831","POST","66","io.swagger.client.ApiResponse@14efb998"

"1701937106852","POST","73","io.swagger.client.ApiResponse@225f5e97"
"1701937106856","POST","76","io.swagger.client.ApiResponse@11bf47c5"
"1701937106869","POST","74","io.swagger.client.ApiResponse@7d18d896"
"1701937106882","POST","89","io.swagger.client.ApiResponse@4331b27f"
"1701937106920","POST","74","io.swagger.client.ApiResponse@4447afe2"
"1701937106925","POST","84","io.swagger.client.ApiResponse@5de9f1c"
"1701937106925","POST","90","io.swagger.client.ApiResponse@76516e45"
"1701937106928","POST","89","io.swagger.client.ApiResponse@78254d63"
"1701937106928","POST","97","io.swagger.client.ApiResponse@7d7c7e0c"
"1701937106928","POST","97","io.swagger.client.ApiResponse@4b3cb65c"
"1701937106971","POST","88","io.swagger.client.ApiResponse@1f8139b1"
"1701937106971","POST","92","io.swagger.client.ApiResponse@3dbd0a7d"
"1701937106976","POST","87","io.swagger.client.ApiResponse@7cd253d3"
"1701937107015","POST","79","io.swagger.client.ApiResponse@1dd1e01c"
"1701937107025","POST","82","io.swagger.client.ApiResponse@1cbc50a"
"1701937107041","POST","84","io.swagger.client.ApiResponse@1967176a"
"1701937107066","POST","78","io.swagger.client.ApiResponse@5c01a7df"
"1701937107063","POST","86","io.swagger.client.ApiResponse@6c0c25f7"
"1701937107090","POST","72","io.swagger.client.ApiResponse@69feb667"
"1701937107063","POST","99","io.swagger.client.ApiResponse@1e733420"
"1701937107062","POST","100","io.swagger.client.ApiResponse@6feec409"
"1701937107105","POST","94","io.swagger.client.ApiResponse@27cf140d"
"1701937107105","POST","94","io.swagger.client.ApiResponse@14eda063"
"1701937107125","POST","87","io.swagger.client.ApiResponse@653d229f"
"1701937107149","POST","81","io.swagger.client.ApiResponse@170928da"
"1701937107164","POST","82","io.swagger.client.ApiResponse@3bb20e1d"
"1701937107176","POST","84","io.swagger.client.ApiResponse@5e8b834d"
"1701937107194","POST","74","io.swagger.client.ApiResponse@144248e8"
"1701937107207","POST","74","io.swagger.client.ApiResponse@43e771f"
"1701937107206","POST","86","io.swagger.client.ApiResponse@696b69c3""1701937107206","POST","86","io.swagger.client.ApiResponse@1f874e58"

"1701937107231","POST","77","io.swagger.client.ApiResponse@acdb6e0""1701937107230","POST","78","io.swagger.client.ApiResponse@5b8de6e"

"1701937107240","POST","77","io.swagger.client.ApiResponse@6e28a374"
"1701937107263","POST","80","io.swagger.client.ApiResponse@4b448198"
"1701937107282","POST","72","io.swagger.client.ApiResponse@97012df"
"1701937107306","POST","70","io.swagger.client.ApiResponse@65183a46"
"1701937107308","POST","81","io.swagger.client.ApiResponse@3d1ab934""1701937107311","POST","78","io.swagger.client.ApiResponse@6f010a71"

"1701937107325","POST","73","io.swagger.client.ApiResponse@7af03f36"
"1701937107325","POST","76","io.swagger.client.ApiResponse@23a6e980"
"1701937107347","POST","84","io.swagger.client.ApiResponse@479dd828"
"1701937107344","POST","93","io.swagger.client.ApiResponse@4707249f""1701937107347","POST","90","io.swagger.client.ApiResponse@c241f59"

"1701937107371","POST","83","io.swagger.client.ApiResponse@3e24bb48"
"1701937107393","POST","75","io.swagger.client.ApiResponse@426d6046"
"1701937107420","POST","72","io.swagger.client.ApiResponse@6f50fb5e"
"1701937107431","POST","75","io.swagger.client.ApiResponse@5da09038"
"1701937107438","POST","84","io.swagger.client.ApiResponse@338bdfee"
"1701937107439","POST","92","io.swagger.client.ApiResponse@527fd3de"
"1701937107439","POST","92","io.swagger.client.ApiResponse@62dc6a8a"
"1701937107464","POST","80","io.swagger.client.ApiResponse@4a9fa098"
"1701937107478","POST","88","io.swagger.client.ApiResponse@7620c1dc"
"1701937107478","POST","88","io.swagger.client.ApiResponse@4b3cc1ac"
"1701937107498","POST","71","io.swagger.client.ApiResponse@20449dc"
"1701937107512","POST","78","io.swagger.client.ApiResponse@f2c9a01"
"1701937107525","POST","81","io.swagger.client.ApiResponse@4dac2394"
"1701937107539","POST","70","io.swagger.client.ApiResponse@7eb689d7"
"1701937107556","POST","74","io.swagger.client.ApiResponse@4b1ef8cf"
"1701937107561","POST","86","io.swagger.client.ApiResponse@70bff7b2"
"1701937107561","POST","86","io.swagger.client.ApiResponse@7a4f28ff"
"1701937107606","POST","44","io.swagger.client.ApiResponse@686b4c5e"
"1701937107584","POST","89","io.swagger.client.ApiResponse@1573ad8f"
"1701937107610","POST","82","io.swagger.client.ApiResponse@353738fd"
"1701937107610","POST","87","io.swagger.client.ApiResponse@511f037c"
"1701937107631","POST","87","io.swagger.client.ApiResponse@6de9454b"
"1701937107651","POST","91","io.swagger.client.ApiResponse@1ded693"
"1701937107665","POST","89","io.swagger.client.ApiResponse@55592cf6"
"1701937107681","POST","81","io.swagger.client.ApiResponse@549e01a7"
"1701937107692","POST","78","io.swagger.client.ApiResponse@27a1bf8""1701937107681","POST","89","io.swagger.client.ApiResponse@56d0f122"

"1701937107681","POST","92","io.swagger.client.ApiResponse@72155ee2"
"1701937107707","POST","83","io.swagger.client.ApiResponse@1158e0e9"
"1701937107735","POST","78","io.swagger.client.ApiResponse@3cd00ffd"
"1701937107737","POST","80","io.swagger.client.ApiResponse@357d98d9"
"1701937107755","POST","77","io.swagger.client.ApiResponse@1c10aa0f"
"1701937107773","POST","94","io.swagger.client.ApiResponse@48bcb671"
"1701937107799","POST","74","io.swagger.client.ApiResponse@64966e7""1701937107790","POST","83","io.swagger.client.ApiResponse@6326e2ea"

"1701937107805","POST","81","io.swagger.client.ApiResponse@32b57ab9"
"1701937107805","POST","81","io.swagger.client.ApiResponse@135a6bcb"
"1701937107813","POST","82","io.swagger.client.ApiResponse@1d3cf38e"
"1701937107829","POST","76","io.swagger.client.ApiResponse@16b3cef5"
"1701937107856","POST","71","io.swagger.client.ApiResponse@cb14fd"
"1701937107856","POST","74","io.swagger.client.ApiResponse@42dd22d3"
"1701937107872","POST","75","io.swagger.client.ApiResponse@472f8d3"
"1701937107906","POST","89","io.swagger.client.ApiResponse@407e8a48"
"1701937107905","POST","90","io.swagger.client.ApiResponse@528d8aa2"
"1701937107905","POST","90","io.swagger.client.ApiResponse@7a617fe8"
"1701937107928","POST","82","io.swagger.client.ApiResponse@5a2046d6""1701937107928","POST","82","io.swagger.client.ApiResponse@5f7a1d1e"

"1701937107928","POST","82","io.swagger.client.ApiResponse@7e32c2a3"
"1701937107940","POST","86","io.swagger.client.ApiResponse@46b644cd"
"1701937107962","POST","97","io.swagger.client.ApiResponse@416f07f""1701937107962","POST","97","io.swagger.client.ApiResponse@a69878"

"1701937107983","POST","88","io.swagger.client.ApiResponse@5502c0e7"
"1701937108030","POST","77","io.swagger.client.ApiResponse@37821fe1"
"1701937108026","POST","95","io.swagger.client.ApiResponse@e2e0ad4"
"1701937108027","POST","95","io.swagger.client.ApiResponse@5e9991c4"
"1701937108053","POST","87","io.swagger.client.ApiResponse@273ce0e""1701937108053","POST","87","io.swagger.client.ApiResponse@1a48b183"

"1701937108053","POST","87","io.swagger.client.ApiResponse@35fab73a"
"1701937108070","POST","85","io.swagger.client.ApiResponse@705ba12e"
"1701937108091","POST","79","io.swagger.client.ApiResponse@6d3a869f"
"1701937108091","POST","83","io.swagger.client.ApiResponse@4bf2b25e"
"1701937108116","POST","94","io.swagger.client.ApiResponse@555fa1"
"1701937108147","POST","74","io.swagger.client.ApiResponse@2ea63ebd"
"1701937108155","POST","77","io.swagger.client.ApiResponse@57fd4a3b"
"1701937108162","POST","78","io.swagger.client.ApiResponse@102ed8ff"
"1701937108170","POST","70","io.swagger.client.ApiResponse@e3d522d"
"1701937108180","POST","74","io.swagger.client.ApiResponse@5c9d9811"
"1701937108181","POST","77","io.swagger.client.ApiResponse@f261a1f"
"1701937108188","POST","85","io.swagger.client.ApiResponse@6961da16"
"1701937108204","POST","74","io.swagger.client.ApiResponse@5df9690"
"1701937108204","POST","74","io.swagger.client.ApiResponse@4bf354ff"
"1701937108249","POST","85","io.swagger.client.ApiResponse@2dbc7277"
"1701937108255","POST","89","io.swagger.client.ApiResponse@7a3e3b7d"
"1701937108271","POST","73","io.swagger.client.ApiResponse@2f7018c7"
"1701937108286","POST","80","io.swagger.client.ApiResponse@2c991ec2"
"1701937108279","POST","87","io.swagger.client.ApiResponse@598093fe"
"1701937108294","POST","79","io.swagger.client.ApiResponse@3df2c726"
"1701937108294","POST","79","io.swagger.client.ApiResponse@24374a9a"
"1701937108313","POST","92","io.swagger.client.ApiResponse@4acc7b4""1701937108314","POST","91","io.swagger.client.ApiResponse@2dfca60d"

"1701937108313","POST","92","io.swagger.client.ApiResponse@370ecb60"
"1701937108366","POST","84","io.swagger.client.ApiResponse@108660e"
"1701937108380","POST","77","io.swagger.client.ApiResponse@5ccc4476"
"1701937108380","POST","80","io.swagger.client.ApiResponse@760c5df6"
"1701937108398","POST","79","io.swagger.client.ApiResponse@204c85a7"
"1701937108405","POST","87","io.swagger.client.ApiResponse@4ed586e3""1701937108412","POST","80","io.swagger.client.ApiResponse@12162f4d"

"1701937108412","POST","89","io.swagger.client.ApiResponse@4031ecd8"
"1701937108443","POST","87","io.swagger.client.ApiResponse@af41329"
"1701937108443","POST","87","io.swagger.client.ApiResponse@55636891"
"1701937108443","POST","87","io.swagger.client.ApiResponse@2a809933"
"1701937108484","POST","90","io.swagger.client.ApiResponse@6378a4c1"
"1701937108492","POST","82","io.swagger.client.ApiResponse@22833f4"
"1701937108484","POST","94","io.swagger.client.ApiResponse@75bc4174"
"1701937108530","POST","53","io.swagger.client.ApiResponse@211a3b85"
"1701937108514","POST","79","io.swagger.client.ApiResponse@684367aa"
"1701937108527","POST","77","io.swagger.client.ApiResponse@6bb3fee5"
"1701937108531","POST","86","io.swagger.client.ApiResponse@4aa54c89"
"1701937108571","POST","86","io.swagger.client.ApiResponse@47b1987""1701937108571","POST","86","io.swagger.client.ApiResponse@848743b"

"1701937108610","POST","85","io.swagger.client.ApiResponse@5f24435"
"1701937108610","POST","88","io.swagger.client.ApiResponse@795da0d7"
"1701937108624","POST","74","io.swagger.client.ApiResponse@567c3693"
"1701937108617","POST","81","io.swagger.client.ApiResponse@48d7dad3"
"1701937108617","POST","82","io.swagger.client.ApiResponse@5749123d"
"1701937108631","POST","71","io.swagger.client.ApiResponse@314e7fb4""1701937108624","POST","78","io.swagger.client.ApiResponse@705c9253"

"1701937108657","POST","79","io.swagger.client.ApiResponse@6a57b530"
"1701937108695","POST","85","io.swagger.client.ApiResponse@5595b8d0"
"1701937108695","POST","85","io.swagger.client.ApiResponse@76aa6989"
"1701937108728","POST","83","io.swagger.client.ApiResponse@961e595"
"1701937108736","POST","78","io.swagger.client.ApiResponse@4f6adad9"
"1701937108735","POST","82","io.swagger.client.ApiResponse@3448bfbe""1701937108735","POST","82","io.swagger.client.ApiResponse@27072248"

"1701937108736","POST","81","io.swagger.client.ApiResponse@1ba24e48"
"1701937108735","POST","92","io.swagger.client.ApiResponse@6f35a602"
"1701937108736","POST","91","io.swagger.client.ApiResponse@3f5f2ed"
"1701937108780","POST","49","io.swagger.client.ApiResponse@2428f77c"
"1701937108818","POST","73","io.swagger.client.ApiResponse@1367c3d3"
"1701937108839","POST","69","io.swagger.client.ApiResponse@1af2ae33"
"1701937108842","POST","76","io.swagger.client.ApiResponse@2571c6f6"
"1701937108853","POST","86","io.swagger.client.ApiResponse@2b5543cd""1701937108858","POST","81","io.swagger.client.ApiResponse@7028562"

"1701937108847","POST","92","io.swagger.client.ApiResponse@21ad023"
"1701937108844","POST","95","io.swagger.client.ApiResponse@284b758e"
"1701937108853","POST","86","io.swagger.client.ApiResponse@417db17e"
"1701937108869","POST","81","io.swagger.client.ApiResponse@2f33ec31""1701937108869","POST","81","io.swagger.client.ApiResponse@4522cf1a"

"1701937108928","POST","82","io.swagger.client.ApiResponse@5ca8a6"
"1701937108941","POST","85","io.swagger.client.ApiResponse@fed9ba9"
"1701937108946","POST","89","io.swagger.client.ApiResponse@3c95fd29"
"1701937108978","POST","85","io.swagger.client.ApiResponse@28029728"
"1701937108978","POST","86","io.swagger.client.ApiResponse@1371782c"
"1701937108977","POST","87","io.swagger.client.ApiResponse@6d5e4a72"
"1701937108978","POST","92","io.swagger.client.ApiResponse@638213ab"
"1701937108994","POST","80","io.swagger.client.ApiResponse@4d466615""1701937108985","POST","89","io.swagger.client.ApiResponse@2b852a81"

"1701937108977","POST","97","io.swagger.client.ApiResponse@31c37704"
"1701937109040","POST","77","io.swagger.client.ApiResponse@5953c694"
"1701937109064","POST","78","io.swagger.client.ApiResponse@43a65206"
"1701937109070","POST","77","io.swagger.client.ApiResponse@7e1e1bcb"
"1701937109104","POST","72","io.swagger.client.ApiResponse@2828bb65""1701937109104","POST","72","io.swagger.client.ApiResponse@21c03455"

"1701937109104","POST","80","io.swagger.client.ApiResponse@256d63fc"
"1701937109109","POST","75","io.swagger.client.ApiResponse@789b5682"
"1701937109109","POST","75","io.swagger.client.ApiResponse@32ff29f2"
"1701937109109","POST","77","io.swagger.client.ApiResponse@45e88052"
"1701937109109","POST","77","io.swagger.client.ApiResponse@2342532d"
"1701937109155","POST","78","io.swagger.client.ApiResponse@62b31dd7"
"1701937109184","POST","49","io.swagger.client.ApiResponse@1dbc70a2"
"1701937109177","POST","79","io.swagger.client.ApiResponse@4adc3b01"
"1701937109205","POST","86","io.swagger.client.ApiResponse@baf15e1"
"1701937109213","POST","82","io.swagger.client.ApiResponse@64c417be"
"1701937109228","POST","84","io.swagger.client.ApiResponse@5a99dd3c"
"1701937109228","POST","93","io.swagger.client.ApiResponse@133f35ec"
"1701937109228","POST","96","io.swagger.client.ApiResponse@3fcf2916""1701937109228","POST","96","io.swagger.client.ApiResponse@78f5ff88"

"1701937109263","POST","76","io.swagger.client.ApiResponse@55038b97"
"1701937109272","POST","78","io.swagger.client.ApiResponse@6e0b4c50"
"1701937109272","POST","82","io.swagger.client.ApiResponse@77bea776"
"1701937109288","POST","90","io.swagger.client.ApiResponse@822d4f3"
"1701937109330","POST","96","io.swagger.client.ApiResponse@5fa0d026"
"1701937109331","POST","98","io.swagger.client.ApiResponse@367b28ca""1701937109350","POST","79","io.swagger.client.ApiResponse@1c34f5c1"

"1701937109363","POST","84","io.swagger.client.ApiResponse@3d5058fa"
"1701937109372","POST","88","io.swagger.client.ApiResponse@4c5a40f9"
"1701937109372","POST","91","io.swagger.client.ApiResponse@460110cc"
"1701937109389","POST","74","io.swagger.client.ApiResponse@bf4c5d4"
"1701937109373","POST","91","io.swagger.client.ApiResponse@59970294"
"1701937109386","POST","80","io.swagger.client.ApiResponse@6ff88844"
"1701937109422","POST","120","io.swagger.client.ApiResponse@65b5a40c"
"1701937109463","POST","83","io.swagger.client.ApiResponse@4142f7b1"
"1701937109463","POST","119","io.swagger.client.ApiResponse@58f03302"
"1701937109463","POST","127","io.swagger.client.ApiResponse@3fa62d6c""1701937109477","POST","113","io.swagger.client.ApiResponse@2c6a6470"

"1701937109490","POST","115","io.swagger.client.ApiResponse@515ef293"
"1701937109542","POST","90","io.swagger.client.ApiResponse@405db256"
"1701937109542","POST","98","io.swagger.client.ApiResponse@28b93c4c"
"1701937109542","POST","98","io.swagger.client.ApiResponse@658404aa"
"1701937109575","POST","80","io.swagger.client.ApiResponse@62644f8d"
"1701937109583","POST","96","io.swagger.client.ApiResponse@1f1b5774"
"1701937109583","POST","104","io.swagger.client.ApiResponse@688e9bd9"
"1701937109632","POST","78","io.swagger.client.ApiResponse@42fb3471"
"1701937109629","POST","87","io.swagger.client.ApiResponse@72b1a8ce"
"1701937109629","POST","94","io.swagger.client.ApiResponse@46c56eb4""1701937109679","POST","44","io.swagger.client.ApiResponse@6d0d6263"

"1701937109629","POST","95","io.swagger.client.ApiResponse@8b39876"
"1701937109677","POST","73","io.swagger.client.ApiResponse@2cea6ed6"
"1701937109682","POST","84","io.swagger.client.ApiResponse@4007851"
"1701937109679","POST","90","io.swagger.client.ApiResponse@4e5a46c"
"1701937109724","POST","77","io.swagger.client.ApiResponse@5e61211b"
"1701937109739","POST","75","io.swagger.client.ApiResponse@38ead354"
"1701937109750","POST","71","io.swagger.client.ApiResponse@4d112ae9"
"1701937109745","POST","76","io.swagger.client.ApiResponse@4e1c3443"
"1701937109756","POST","86","io.swagger.client.ApiResponse@34392ed4"
"1701937109761","POST","88","io.swagger.client.ApiResponse@20aff946"
"1701937109761","POST","88","io.swagger.client.ApiResponse@2d19278d"
"1701937109775","POST","89","io.swagger.client.ApiResponse@62b25b64"
"1701937109806","POST","81","io.swagger.client.ApiResponse@26788e35"
"1701937109806","POST","92","io.swagger.client.ApiResponse@3a8daa7d"
"1701937109841","POST","99","io.swagger.client.ApiResponse@6e9a4a71""1701937109849","POST","91","io.swagger.client.ApiResponse@385e9a32"

"1701937109860","POST","89","io.swagger.client.ApiResponse@d86cce9""1701937109860","POST","89","io.swagger.client.ApiResponse@31fd2411"

"1701937109887","POST","79","io.swagger.client.ApiResponse@5d4ad591""1701937109882","POST","84","io.swagger.client.ApiResponse@17da98b6"

"1701937109887","POST","86","io.swagger.client.ApiResponse@326f9aa3"
"1701937109898","POST","77","io.swagger.client.ApiResponse@63a579f9"
"1701937109923","POST","83","io.swagger.client.ApiResponse@5606f335"
"1701937109932","POST","87","io.swagger.client.ApiResponse@2abe3cf7"
"1701937109973","POST","69","io.swagger.client.ApiResponse@7b6881c5"
"1701937109973","POST","100","io.swagger.client.ApiResponse@74a75dbf"
"1701937109982","POST","91","io.swagger.client.ApiResponse@2f724f8f"
"1701937109975","POST","99","io.swagger.client.ApiResponse@7bdce0a5"
"1701937110019","POST","82","io.swagger.client.ApiResponse@61a0e503"
"1701937110012","POST","98","io.swagger.client.ApiResponse@4fb4d520"
"1701937110012","POST","99","io.swagger.client.ApiResponse@26bccb11"
"1701937110019","POST","92","io.swagger.client.ApiResponse@12bd6fe"
"1701937110036","POST","87","io.swagger.client.ApiResponse@57447fed"
"1701937110056","POST","85","io.swagger.client.ApiResponse@111aa94c"
"1701937110073","POST","83","io.swagger.client.ApiResponse@7f2a4e7b"
"1701937110114","POST","90","io.swagger.client.ApiResponse@8f9eae7"
"1701937110114","POST","90","io.swagger.client.ApiResponse@455ca44b"
"1701937110114","POST","90","io.swagger.client.ApiResponse@408cf222"
"1701937110130","POST","84","io.swagger.client.ApiResponse@67d7180a"
"1701937110142","POST","80","io.swagger.client.ApiResponse@63508c98"
"1701937110142","POST","86","io.swagger.client.ApiResponse@6421fd1a""1701937110142","POST","86","io.swagger.client.ApiResponse@796db474"

"1701937110154","POST","88","io.swagger.client.ApiResponse@796b87fe"
"1701937110174","POST","87","io.swagger.client.ApiResponse@4032d349"
"1701937110200","POST","82","io.swagger.client.ApiResponse@61a60101"
"1701937110236","POST","88","io.swagger.client.ApiResponse@2b40f1dd"
"1701937110236","POST","88","io.swagger.client.ApiResponse@1594a353"
"1701937110236","POST","88","io.swagger.client.ApiResponse@6629dd63"
"1701937110282","POST","49","io.swagger.client.ApiResponse@42f6b13b"
"1701937110248","POST","88","io.swagger.client.ApiResponse@8aa91dc""1701937110255","POST","81","io.swagger.client.ApiResponse@858f844"

"1701937110269","POST","81","io.swagger.client.ApiResponse@5c61cd07""1701937110269","POST","81","io.swagger.client.ApiResponse@73a9a8d2"

"1701937110292","POST","85","io.swagger.client.ApiResponse@5b071a2c"
"1701937110350","POST","74","io.swagger.client.ApiResponse@312f7c50"
"1701937110377","POST","47","io.swagger.client.ApiResponse@26b01e4"
"1701937110354","POST","70","io.swagger.client.ApiResponse@7df662ed"
"1701937110359","POST","69","io.swagger.client.ApiResponse@3f48fa9e"
"1701937110359","POST","72","io.swagger.client.ApiResponse@15cf10c0"
"1701937110373","POST","70","io.swagger.client.ApiResponse@67599ecb"
"1701937110373","POST","75","io.swagger.client.ApiResponse@5524c5b4"
"1701937110377","POST","76","io.swagger.client.ApiResponse@2aba7b36"
"1701937110377","POST","80","io.swagger.client.ApiResponse@158eb244"
"1701937110453","POST","49","io.swagger.client.ApiResponse@4022c821"
"1701937110448","POST","69","io.swagger.client.ApiResponse@16380da7"
"1701937110453","POST","83","io.swagger.client.ApiResponse@56b8187d""1701937110453","POST","83","io.swagger.client.ApiResponse@59046a84"

"1701937110453","POST","83","io.swagger.client.ApiResponse@403fcf93"
"1701937110466","POST","70","io.swagger.client.ApiResponse@214f3963"
"1701937110471","POST","67","io.swagger.client.ApiResponse@7263701d"
"1701937110476","POST","79","io.swagger.client.ApiResponse@5c338698"
"1701937110498","POST","74","io.swagger.client.ApiResponse@5a683ef7"
"1701937110517","POST","84","io.swagger.client.ApiResponse@4f89fef1"
"1701937110532","POST","74","io.swagger.client.ApiResponse@4bbe3b98"
"1701937110555","POST","75","io.swagger.client.ApiResponse@769ff800"
"1701937110575","POST","86","io.swagger.client.ApiResponse@6ff4b457"
"1701937110578","POST","83","io.swagger.client.ApiResponse@296acfe9"
"1701937110574","POST","87","io.swagger.client.ApiResponse@3c293841"
"1701937110575","POST","86","io.swagger.client.ApiResponse@5ac41db4"
"1701937110588","POST","80","io.swagger.client.ApiResponse@7082b5d7"
"1701937110575","POST","93","io.swagger.client.ApiResponse@75e5fc7b"
"1701937110606","POST","74","io.swagger.client.ApiResponse@18222871"
"1701937110630","POST","67","io.swagger.client.ApiResponse@33ad1f96"
"1701937110661","POST","52","io.swagger.client.ApiResponse@51983d11"
"1701937110643","POST","70","io.swagger.client.ApiResponse@67c4cfdf"
"1701937110701","POST","83","io.swagger.client.ApiResponse@7111f1f4""1701937110701","POST","83","io.swagger.client.ApiResponse@d43b070"

"1701937110701","POST","84","io.swagger.client.ApiResponse@310a9e8a"
"1701937110707","POST","83","io.swagger.client.ApiResponse@6c536414""1701937110707","POST","83","io.swagger.client.ApiResponse@47248135"

"1701937110713","POST","84","io.swagger.client.ApiResponse@289804d8"
"1701937110722","POST","85","io.swagger.client.ApiResponse@60580e15""1701937110722","POST","85","io.swagger.client.ApiResponse@5609b840"

"1701937110747","POST","77","io.swagger.client.ApiResponse@1f94c1af"
"1701937110753","POST","83","io.swagger.client.ApiResponse@143c3419"
"1701937110822","POST","64","io.swagger.client.ApiResponse@427eda8e"
"1701937110822","POST","78","io.swagger.client.ApiResponse@19540244"
"1701937110831","POST","74","io.swagger.client.ApiResponse@2cee8e4f"
"1701937110821","POST","84","io.swagger.client.ApiResponse@5d75655d"
"1701937110821","POST","84","io.swagger.client.ApiResponse@7991184d"
"1701937110831","POST","74","io.swagger.client.ApiResponse@679b9a39"
"1701937110836","POST","74","io.swagger.client.ApiResponse@3cf6ea08"
"1701937110836","POST","94","io.swagger.client.ApiResponse@7a32c8f4"
"1701937110859","POST","93","io.swagger.client.ApiResponse@52d9b293"
"1701937110871","POST","101","io.swagger.client.ApiResponse@6fdc65d8"
"1701937110949","POST","68","io.swagger.client.ApiResponse@43e58611"
"1701937110933","POST","84","io.swagger.client.ApiResponse@7f604be1"
"1701937110949","POST","78","io.swagger.client.ApiResponse@4fd605c8"
"1701937110952","POST","83","io.swagger.client.ApiResponse@1729e720"
"1701937110952","POST","83","io.swagger.client.ApiResponse@1d2f86e5"
"1701937110949","POST","91","io.swagger.client.ApiResponse@77b58464"
"1701937110968","POST","78","io.swagger.client.ApiResponse@a2e730e"
"1701937110968","POST","90","io.swagger.client.ApiResponse@464bebd8"
"1701937110981","POST","96","io.swagger.client.ApiResponse@6e9ae8ba"
"1701937111008","POST","79","io.swagger.client.ApiResponse@119f3df6"
"1701937111056","POST","72","io.swagger.client.ApiResponse@6bb07c89"
"1701937111069","POST","71","io.swagger.client.ApiResponse@58256b75"
"1701937111077","POST","68","io.swagger.client.ApiResponse@6f8bf93""1701937111072","POST","73","io.swagger.client.ApiResponse@5c45ba1c"

"1701937111092","POST","66","io.swagger.client.ApiResponse@2018275e"
"1701937111107","POST","75","io.swagger.client.ApiResponse@7883a325"
"1701937111178","POST","74","io.swagger.client.ApiResponse@e2d1679"
"1701937111182","POST","72","io.swagger.client.ApiResponse@1ebe342c""1701937111178","POST","76","io.swagger.client.ApiResponse@3876f06"

"1701937111190","POST","75","io.swagger.client.ApiResponse@44e7e9c1"
"1701937111286","POST","75","io.swagger.client.ApiResponse@3680b572"
